"","duration.mean","duration.sd","duration.min","duration.max","duration.var","duration.cond","duration.g_mean","duration.g_sd","duration.g_min","duration.g_max","duration.g_var","plex.mean","plex.sd","plex.min","plex.max","plex.var","plex.cond","plex.g_mean","plex.g_sd","plex.g_min","plex.g_max","plex.g_var","usability.mean","usability.sd","usability.min","usability.max","usability.var","usability.cond","usability.g_mean","usability.g_sd","usability.g_min","usability.g_max","usability.g_var","mcq.mean","mcq.sd","mcq.min","mcq.max","mcq.var","mcq.cond","mcq.g_mean","mcq.g_sd","mcq.g_min","mcq.g_max","mcq.g_var","score.mean","score.sd","score.min","score.max","score.var","score.condition","score.g_mean","score.g_sd","score.g_min","score.g_max","score.g_var"
"1",10.2722545714286,12.2875294601312,0.167433333333333,62.2841833333333,150.983380233593,"Ctr",2.79282,3.7643167939662,0.167433333333333,16.30695,14.170080925336,6.71428571428571,2.45149999321819,0,12,6.00985221674877,"Ctr",5.62352941176471,2.2781387065731,0,10,5.18991596638655,56.1142857142857,25.762589187464,3,100,663.711001642036,"Ctr",56.5176470588235,25.1654580747509,3,100,633.300280112045,17.1714285714286,2.3253440517371,10,22,5.4072249589491,"Ctr",16.9176470588235,2.11126099030595,11,21,4.45742296918768,61.027802690583,44.4204607522023,0,100,1973.17733343795,"game",61.027802690583,44.4204607522023,0,100,1973.17733343795
"2",10.2722545714286,12.2875294601312,0.167433333333333,62.2841833333333,150.983380233593,"Exp",17.336165,13.3386578447564,0.28025,62.2841833333333,177.919793099482,6.71428571428571,2.45149999321819,0,12,6.00985221674877,"Exp",7.74444444444444,2.15448896994113,1,12,4.641822721598,56.1142857142857,25.762589187464,3,100,663.711001642036,"Exp",55.7333333333333,26.4493580134914,5,100,699.568539325843,17.1714285714286,2.3253440517371,10,22,5.4072249589491,"Exp",17.4111111111111,2.49896358042282,10,22,6.24481897627965,61.027802690583,44.4204607522023,0,100,1973.17733343795,"game",61.027802690583,44.4204607522023,0,100,1973.17733343795
