estimate,estimate1,estimate2,statistic,p.value,parameter,conf.low,conf.high,method,alternative
-0.252941176,4.847058824,5.1,-1.128874716,0.260524522,171.8021278,-0.695215733,0.18933338,Welch Two Sample t-test,two.sided
-0.147058824,5.152941176,5.3,-0.726705334,0.468413023,168.8033336,-0.546548568,0.252430921,Welch Two Sample t-test,two.sided
-14.543345,2.79282,17.336165,-9.93328963,9.61E-17,103.8607382,-17.44675919,-11.63993081,Welch Two Sample t-test,two.sided
-0.2122112,-0.109137189,0.103074012,-1.413785368,0.159243696,170.9225008,-0.50850246,0.084080059,Welch Two Sample t-test,two.sided
-0.05942322,-0.030560513,0.028862707,-0.49897336,0.618434791,172.2509189,-0.294488755,0.175642316,Welch Two Sample t-test,two.sided
1.608138954,19.02742118,17.41928222,1.358117384,0.176241022,168.6043845,-0.729421544,3.945699452,Welch Two Sample t-test,two.sided
