estimate,estimate1,estimate2,statistic,p.value,parameter,conf.low,conf.high,method,alternative
-0.2529411764705882,4.847058823529411,5.1,-1.128874716231777,0.2605245220113619,171.80212776393918,-0.695215732566795,0.18933337962561855,Welch Two Sample t-test,two.sided
-0.14705882352941124,5.152941176470589,5.3,-0.7267053343972438,0.46841302344909086,168.8033336202507,-0.5465485682088576,0.2524309211500351,Welch Two Sample t-test,two.sided
-14.543345000000002,2.79282,17.336165,-9.933289629542813,9.609840844462068e-17,103.86073819463317,-17.44675918614778,-11.639930813852226,Welch Two Sample t-test,two.sided
-1.061305932629459,42.1945701357466,43.25587606837606,-0.5928360398515923,0.5540802372115183,169.66531346799687,-4.595276759963179,2.4726648947042613,Welch Two Sample t-test,two.sided
-1.5284700918136593,43.59678961366353,45.12525970547719,-0.4743634118945846,0.6358421071780105,172.09853649643188,-7.888492160689521,4.831551977062202,Welch Two Sample t-test,two.sided
1.6081389542483677,19.02742117647059,17.419282222222222,1.358117384042901,0.17624102169265665,168.6043845362521,-0.7294215439057077,3.945699452402443,Welch Two Sample t-test,two.sided
