estimate,estimate1,estimate2,statistic,p.value,parameter,conf.low,conf.high,method,alternative
-0.2529411764705882,4.847058823529411,5.1,-1.1297195597313323,0.26015835458148084,173,-0.6948632798242604,0.18898092688308396,Two Sample t-test,two.sided
-0.14705882352941124,5.152941176470589,5.3,-0.7288072608520384,0.4671050206553766,173,-0.5453266596366042,0.25120901257778167,Two Sample t-test,two.sided
-14.543345000000002,2.79282,17.336165,-9.692897017753609,5.117741103139542e-18,173,-17.504816420865158,-11.581873579134843,Two Sample t-test,two.sided
-0.21221120028193263,-0.10913718871642222,0.10307401156551042,-1.4070165281359885,0.16121647398294234,173,-0.5099023617623702,0.08547996119850501,Two Sample t-test,two.sided
-0.0401986769865514,-0.020673605307369308,0.019525071679182087,-0.33597637079760256,0.7372958162669843,173,-0.2763551549808106,0.19595780100770785,Two Sample t-test,two.sided
1.6081389542483677,19.02742117647059,17.419282222222222,1.3496483208699037,0.1788922483668213,173,-0.7436578246205612,3.959935733117297,Two Sample t-test,two.sided
