MCQ score,FFE primary score,FFE side score
1,0.19275887772933648,0.11270962477774142
0.19275887772933648,1,0.9413062681642732
0.11270962477774142,0.9413062681642732,1
