Measures,estimate,estimate1,estimate2,statistic,p.value,parameter,conf.low,conf.high,method,alternative
score_obj,37.365890881343,100,62.634109118657,50.901365307116095,0,6092,35.92682626410504,38.80495549858096,Two Sample t-test,two.sided
score_side,0.6444380480989267,5.811669413248488,5.167231365149561,11.469140957229373,3.837032883717004e-30,6092,0.5342880057061824,0.754588090491671,Two Sample t-test,two.sided
cmplx_steps,8.53755690735958,31.765332565505325,23.227775658145745,31.622361328310056,2.3795475762118118e-203,6092,8.008291267777787,9.066822546941372,Two Sample t-test,two.sided
Predeessors,-0.1897877263894261,1.7117765620501009,1.901564288439527,-6.889663569774539,6.1549050285997766e-12,6092,-0.2437890609809076,-0.1357863917979446,Two Sample t-test,two.sided
Successors,-0.5596274217864021,5.074863230636337,5.634490652422739,-9.385857022337476,8.616410043294793e-21,6092,-0.6765125985584459,-0.44274224501435827,Two Sample t-test,two.sided
Neighbours,-0.749415148175828,6.786639792686438,7.536054940862266,-10.743100603879311,1.1059917380761518e-26,6092,-0.8861651088284057,-0.6126651875232502,Two Sample t-test,two.sided
betweennessCentrality,0.0016485797540088248,0.04591391533890009,0.04426533558489126,1.173333934966672,0.24070779115365942,6092,-0.001105793014140313,0.004402952522157963,Two Sample t-test,two.sided
eigenvectorCentrality,-0.055123641020390135,0.2433201400650734,0.29844378108546354,-17.08463373808391,5.856336343058068e-64,6092,-0.06144872954802142,-0.04879855249275884,Two Sample t-test,two.sided
